,concepts,definitions,source
0,AMPLITUD DE UN INTERVALO," Conocido también como amplitud de clase, es la diferencia entre los dos extremos de un intervalo.",book4
1,BONDAD DE AJUSTE, Es un indicador que permite discernir acerca de qué tan buena es la ecuación obtenida.   Para determinar la bondad de un ajuste se utilizan diferentes criterios en la regresión lineal.,book4
2,BOXPLOT, (Ver diagrama de caja).  ,book4
3,CARTOGRAMAS, Es un tipo de gráfico mediante el cual se muestra datos estadísticos sobre una base geográfica como mapas.  ,book4
4,CENSO, Es una investigación estadística que consiste en el recuento de la totalidad de los elementos que componen la población por investigar.  Es necesario que se especifique  el espacio y el tiempo al que se refiere el recuento.,book4
5,CICLO, (Ver variaciones o fluctuaciones cíclicas).  ,book4
6,CLASE MEDIANA," En una tabla de datos agrupados, es la clase o intervalo al que pertenece el valor de la mediana.  ",book4
7,CLASE MODAL,"En una tabla de datos agrupados, es la clase o intervalo que tiene la mayor frecuencia.",book4
8,COEFICIENTE DE CONFIANZA, Se representa por (1-   ) y es la probabilidad de que la hipótesis nula Ho  no sea rechazada cuando de hecho es verdadera y debería ser aceptada.  ,book4
9,COEFICIENTE DE CONTINGENCIA Chi-Cuadrado,- Es un número que mide el grado de asociación o dependencia de las clasificaciones en una tabla de contingencia (h x k).,book4
10,COEFICIENTE DE CURTOSIS, Es una medida de forma  (Ver curtosis).,book4
11,COEFICIENTE DE GINI, (Ver índice de concentración de Gini).,book4
12,COMBINACIONES," Consiste en tomar diferentes agrupaciones de r elementos de un total de n objetos sin importar el orden, y el número de combinaciones se obtiene mediante la siguiente fórmula",book4
13,COMPONENTES DE UNA SERIE TEMPORAL,- Los datos de un fenómeno se representan ordenados en el tiempo (Ver series temporales) Según el enfoque clásico una serie es el resultado de cuatro componente,book4
14,CONGLOMERADO," Es una subpoblación que reúne características presentes en la población.  Los elementos que la componen poseen cierta característica que les hace ser propios de cierta cualidad o atributo, tal como lugar geográfico, grupo étnico, ideología, organización social, etc.",book4
15,CORRELOGRAMA," Es un gráfico que permite apreciar las autocorrelaciones  r 1 , r 2 ,. .",book4
16,COVARIANZA, Es una medida de la asociación lineal entre dos variables.,book4
17,CUARTIL," Es una medida de posición no central o de localización.  Los cuartiles son los tres valores que dividen la distribución en cuatro partes iguales, es decir",book4
18,CUASIVARIANZA, Es un valor que se obtiene de manera similar a la varianza pero dividiendo entre n-1 en lugar de n.  La cuasivarianza cuantifica la dispersión  o variabilidad de la muestra.,book4
19,CUESTIONARIO, Es el instrumento más utilizado para recolectar datos.,book4
20,CURTOSIS,Es una medida de forma.   También se conoce como medida de apuntamiento  mide si los valores de la distribución están más o menos concentrados alrededor de los valores medios de la muestra.,book4
21,CURVA DE LORENZ," Es una gráfica de  concentración acumulada de la distribución de la riqueza.   Para elaborar una curva de Lorenz, se anotan los porcentajes acumulados del ingreso contra los porcentajes acumulados de las familias clasificadas, de las de ingresos más bajos a las de ingresos más altos.",book4
22,CURVA NORMAL," También denominada curva o campana de Gauss, en honor al matemático alemán Karl Friedrich Gauss.",book4
23,DATO," Conocido también como información, es el valor de la variable asociada a un elemento de una población o una muestra.  ",book4
24,DATO CUALITATIVO," Es aquel que representa alguna característica de los elementos de una muestra o una población que  presentan, atributos, actitudes o son opiniones.",book4
25,DATO CUANTITATIVO, Es aquel dato numérico que representa aspectos de una muestra o una población que es medible o que se puede contar.  (Ver variable cualitativa).,book4
26,DATOS DE PANEL," Son aquellos datos que son una combinación de series de tiempo y datos de sección cruzada o corte transversal  que se obtienen sobre un mismo conjunto de unidades de análisis (individuos, familias o empresas) en distintos periodos de tiempo.  DATOS DE SECCIÓN CRUZADA O DE CORTE TRANSVERSAL.",book4
27,DECIL,"Es una medida de localización o posición no central.   Los deciles son los nueve puntos que dividen la distribución en diez puntos de forma tal que dentro de cada una, están incluidos el 10% de los datos.",book4
28,DEFLACTAR, Es transformar valores expresados en precios corrientes (valor nominal) a valores en precios constantes (valor real).,book4
29,DIAGRAMA," Es un dibujo o representación gráfica que sirve para representar un objeto, indicar la relación entre elementos o mostrar el valor de una magnitud.  ",book4
30,DIAGRAMA DE BARRAS, Es un gráfico utilizado para representar la distribución de frecuencias de una variable cualitativa y cuantitativa discreta.,book4
31,DIAGRAMA DE CAJAS, Conocido también como BOXPLOT.,book4
32,DIAGRAMA DE FLUJO, Es una representación gráfica de los pasos en un proceso.,book4
33,DIAGRAMA DE PARETO," Es una forma especial de gráfico de barras verticales donde se organizan diversas clasificaciones de datos por orden descendente, de izquierda a derecha,  por medio de barras sencillas después de haber reunido los datos para calificar las causas.",book4
34,DIAGRAMA DE SECTORES, Es un gráfico utilizado para representar la distribución de frecuencias relativas de una variable cualitativa.,book4
35,DIAGRAMA EN ESCALERA, Es un gráfico utilizado para representar la distribución de frecuencias acumuladas de una variable discreta numérica.,book4
36,ENCUESTA, Es un método de recolección de datos.   Es llevada a cabo generalmente a través de algún cuestionario que puede o no ser diligenciado por el encuestado y/o encuestador.,book4
37,ENTREVISTA," Es un método de recolección de datos.  Consiste en una serie de preguntas realizadas por el entrevistador,  personalmente, a cada uno de los entrevistados.",book4
38,ERROR DE MUESTREO," Conocido también como error muestral, es la diferencia que existe entre el valor real (parámetro) obtenido con los valores de la población y el valor estimado en base a los valores de una muestra (estimación).",book4
39,ERROR TIPO II,"En la teoría de decisiones, es el error que se comete al aceptar la hipótesis nula H 0 cuando es falsa.  
",book4
40,ESPACIO MUESTRAL," Es el conjunto de todos los resultados posibles de un experimento aleatorio.  Cada experimento aleatorio tiene definido su espacio muestral (es decir, un conjunto con todas las soluciones posibles).",book4
41,ESTACIONARIA," Es la serie de datos cuyas propiedades estadísticas básicas como la media y la varianza permanecen constantes en el tiempo, es decir cuando la serie no presenta crecimiento o declinación es estacionaria.",book4
42,ESTIMADOR, Es un estadístico empleado para estimar un parámetro.  ,book4
43,ESTIMADOR INSESGADO, Es un tipo de estimador que posee la propiedad de que el promedio de las estimaciones efectuadas a partir de todas las muestras posibles de un determinado tamaño es igual al valor verdadero o valor poblacional.  ESTRATIFICACIÓN.,book4
44,ESTRATO, Es una subpoblación o parte de una población que reúne características comunes que le hacen ser homogénea.,book4
45,EXACTITUD,Es la cercanía de una medición al verdadero valor que se pretende medir.  ,book4
46,EXPERIMENTO, Es un método de investigación mediante el cual se determina la incidencia de variables independientes sobre la variable dependiente.  ,book4
47,EXPERIMENTO ALEATORIO," Es cualquier acto que implique la observación de los valores de una variable aleatoria.   Es aquel que puede dar lugar a varios resultados, sin que pueda ser previsible enunciar con certeza cuál de éstos va a ser observado en la realización del experimento.",book4
48,FRECUENCIA ABSOLUTA,Es el número de veces que la variable asume un valor dado o pertenece a una clase dada.  Se representa simbólicamente por n i .,book4
49,FRECUENCIA ABSOLUTA ACUMULADA, Es el número de observaciones hasta (inclusive) un valor dado de una variable numérica.  Se representa por N i .,book4
50,FRECUENCIA CONDICIONAL," En una distribución conjunta, son las frecuencias de una de las variables estando fijo un valor de la  otra  variable.",book4
51,FRECUENCIA CONJUNTA," Es un número n ij que representa la ocurrencia de dos variables (x, y) en los elementos de población o de la muestra.  (Ver distribución bidimensional) ",book4
52,FRECUENCIA MARGINAL," En una distribución conjunta, son las frecuencias de cada una de las variables sin tener en cuenta el valor de la (s) otra (s).  ",book4
53,FRECUENCIA RELATIVA,Es un valor que se obtiene como el cociente de la frecuencia absoluta (n i ) sobre el tamaño de la muestra (N).  Simbólicamente se representa por hi.,book4
54,FRECUENCIA RELATIVA ACUMULADA, Es una cantidad que se obtiene como el cociente de la frecuencia absoluta acumulada (N i )  sobre el tamaño de la muestra (N).    Simbólicamente se representa por H i .,book4
55,FUENTES DE DATOS," Medios de donde procede la información.  Los datos pueden reunirse de diferentes fuentes de información ya existentes o pueden obtenerse mediante censos, encuestas y estudios experimentales para conseguir nuevos datos.",book4
56,FUENTE PRIMARIA," Es aquella en la que los datos estadísticos se obtienen a partir de un relevamiento propio, como por ejemplo a partir de una encuesta.  ",book4
57,FUENTE SECUNDARIA," Es aquella persona o institución que proporciona datos estadísticos, es decir los datos se obtienen a partir de un relevamiento de otros recopiladores.",book4
58,GRADOS DE LIBERTAD," En estadística grados de libertad de un estadístico calculado en base a «n» datos, se refiere al número de cantidades independientes que se necesitan en su cálculo, menos el número de restricciones que ligan a las observaciones y el estadístico.",book4
59,HISTOGRAMA," Gráfico utilizado para representar la distribución de frecuencias de una variable continua.   Describe el comportamiento de un conjunto de datos en cuanto a su tendencia central, forma y dispersión.",book4
60,NDICE," Es la relación expresada en porcentaje entre el precio, cantidad o valor de un bien y servicio o conjunto de bienes y servicios, en un período ",book4
61,NDICE DE CANTIDAD, Es un número que refleja la variación en las cantidades de un producto o un conjunto de productos en dos momentos en el tiempo,book4
62,NDICE DE PRECIOS,"Es un número que refleja el cambio en el precio de un bien, servicio o conjunto de bienes y servicios en un período de tiempo, en relación con el precio en un período de referencia (período base).  
Í",book4
63,NDICE DE VALOR,Es un número que expresa la variación en el valor de un conjunto de productos en dos momentos en el tiempo o el espacio,book4
64,NDICE AGREGATIVO, Es aquel que expresa la variación de un conjunto de artículos agregados.,book4
65,NDICE DE PRECIOS DE LASPEYRES," Describe la variación de precios de una canasta de bienes y servicios elegidos en un año base, que permanece inalterable durante los períodos sucesivos",book4
66,NDICE DE PRECIOS DE PAASCHE, Es un número que describe la relación exitente entre el precio actual de un grupo de bienes y servicios y el precio de dichos bienes y servicios en el año base.,book4
67,NDICE IDEAL DE FISHER," Es un índice de precios que se obtiene como la media geométrica de los números índices de Laspeyres y de Paasche.  El índice ideal de Fisher satisface los criterios de inversión temporal y de inversión de factores, lo que le confiere una cierta ventaja teórica sobre otros números índice.",book4
68,NDICE DE CARLI,Es un índice agregado simple.,book4
69,NDICE DE MASCULINIDAD,"Es un número que relaciona el número de hombres por cada 100 mujeres, expresado como porcentaje.",book4
70,INTERVALO DE CLASE, Es el conjunto de datos cuantitativos comprendido entre dos valores.  Generalmente se ubican en la primera columna en una tabla de distribución de frecuencias.,book4
71,INTERVALO DE CONFIANZA," Conocido también como límites de confianza.   Es un rango de valores en el cual se encontraría el valor del parámetro, con una probabilidad determinada.",book4
72,MITE INFERIOR, Es el menor valor de un intervalo de clase.  LÍ,book4
73,MITE SUPERIOR," Es el mayor valor de un intervalo de clase.  
M ",book4
74,MARCA DE CLASE, Es la denominación que se le da al punto medio de un intervalo  en una tabla de frecuencias de datos agrupados.,book4
75,MARCO MUESTRAL, Es la totalidad de unidades de muestreo de la que se selecciona una muestra.,book4
76,MEDIANA,Es unamedida de tendencia central.,book4
77,MEDIDAS DE FORMA, Permiten conocer que forma tiene la curva que representa la serie de datos.,book4
78,MODA," Es una medida de tendencia central es el valor de la variable que tiene mayor frecuencia absoluta, la que más se repite es la única medida de centralización que tiene sentido estudiar en una variable cualitativa, pues no precisa la realización de ningún cálculo.",book4
79,MUESTRA," Es un subconjunto representantivo de la población a partir del cual se pretende realizar inferencias respecto a la población de donde procede.   Los elementos seleccionados con cierta técnica reúne ciertas características que la hacen ser representativa, significativa y confiable y que en base a ella se pueden hacer inferencias respecto a la población.",book4
80,MUESTREO, Es un conjunto de métodos y procedimientos estadísticos destinados a la selección de una o mas muestras  es la técnica seguida para elegir muestras.   El objetivo principal de un diseño de muestreo es proporcionar procedimientos para la selección de muestras que sean representativas  de la población en estudio.,book4
81,MUESTREO ALETORIO SIMPLE, También llamado irrestrictamente aleatorio.,book4
82,MUESTREO ESTRATIFICADO ALEATORIO," Es un método de muestreo que se aplica cuando se divide la población en grupos, llamados estratos, donde los datos son más homogéneos pero un estrato frente al otro  muy distintos.   Para extraer la muestra aleatoria se aplica el muestreo aleatorio simple a cada estrato y el tamaño es la suma de los tamaños de todos los estratos.",book4
83,MUESTREO POR CONGLOMERADOS, Es un método de muestreo en el cual la población está en grupos debido a la organización administrativa u otro (conglomerados).,book4
84,OJIVA,Es un gráfico acumulativo de frecuencias o frecuencias relativas.  Existen  las ojivas mayor que y menor que.,book4
85,PERMUTACIONES, Son las distintas disposiciones de los elementos en que se pueden ordenar los objetos.,book4
86,PERCENTIL, Es el valor que resulta de dividir el conjunto de datos en 100 partes iguales.  Cada parte representa al 1% del total,book4
87,PERIODO DE REFERENCIA DE UNA ENCUESTA, Es el lapso o espacio de tiempo durante el cual se levanta la información de la encuesta y la referencia cronológica respecto a la cual es válida la información inherente a ella.  ,book4
88,PICTOGRAMAS,"Son gráficos vistosos, similares a los gráficos de barras, pero empleando un dibujo alusivo al tema que representa, en una determinada escala para expresar la unidad de medida de los datos.",book4
89,PROBABILIDAD, Es un número que se le asigna a un suceso como una medida de su incertidumbre.,book4
90,PROMEDIO PONDERADO, Es un número conocido también como media aritmética ponderada.,book4
91,PUNTO MUESTRAL, El conjunto de todos los resultados posibles de un experimento aleatorio se le denomina espacio muestral.  Un punto de este conjunto es un punto muestral.,book4
92,QUINTIL, Es un fractil se obtienen dividiendo al conjunto de datos en cinco partes iguales cada parte representa el 20% del total.  Se pueden calcular 4 quintiles.,book4
93,RANGO," Conocido también como recorrido, es un número que mide la amplitud de los valores de un conjunto de datos y se calcula por diferencia entre el valor mayor  y el valor menor.   Lo notaremos comoR.",book4
94,REDONDEO,Es el procedimiento para expresar un número de acuerdo a una precisión establecida.,book4
95,SERIES TEMPORALES, Conocida también como serie cronológica.  Es la sucesión de observaciones cuantitativas ordenadas en el tiempo de un fenómeno.,book4
96,SESGO, Se denomina así a la asimetría que presenta una distribución de frecuencias.  Puede ser sesgo negativo o a la izquierda y sesgo positivo o a la derecha.,book4
97,SUCESO CIERTO, Se conoce también como suceso seguro.   Es aquel suceso que siempre se realiza.,book4
98,SUCESO IMPOSIBLE, Es aquel suceso que no se realiza nunca.   Se designa por un Ø.,book4
99,SUCESOS COMPUESTOS,"Se llama sucesos compuestos, a los sucesos formados por dos o más puntos muestrales; es decir, por más de un resultado del experimento.  ",book4
100,SUCESOS CONTRARIOS," Dado un suceso cualquiera A del espacio de sucesos S, se llama suceso contrario del suceso A a un suceso que se realiza cuando no se realiza A, y recíprocamente.",book4
101,SUCESOS ELEMENTALES," Conocido también como sucesos aleatorios,  son los sucesos formados por un solo punto muestral; es decir, por un solo resultado del experimento aleatorio.  ",book4
102,TABLA DE CONTINGENCIA, Es una tabla de doble entrada.   Se representa genéricamente como  (x i ; y j ; n ij ).,book4
103,TABLA DE DATOS AGRUPADOS," Es un arreglo matricial  que contiene el número de veces (frecuencia) que aparece un dato, de acuerdo a las clases de interés especificadas (puede ser intervalos).  (Ver distribución unidimensional) ",book4
104,TASA," Es la relación del número de casos, frecuencias o eventos de una categoría entre el número total de observaciones, multiplicada por un múltiplo de 10, generalmente 100 ó 1000",book4
105,TASA BRUTA DE MORTALIDAD," Es un número que expresa la frecuencia de muertes en una población en un período de tiempo, por lo general un año calendario.",book4
106,TASA DE MASCULINIDAD, Es un número que expresa la proporción de varones en la población total o en una parte de ella.,book4
107,TASA DE MORTALIDAD INFANTIL," Es un número que expresa la mortalidad de niños menores de un año y se obtiene dividiendo las defunciones infantiles (menores de un año) ocurridas en un año calendario entre el número de nacidos vivos ocurridos en el transcurso del mismo año, multiplicado por mil.",book4
108,UNIDAD DE MUESTREO, Es la unidad estadística que se selecciona para constituir la muestra.,book4
109,VARIABLE, Es una característica de la población o de la muestra cuya medida puede cambiar de valor.   Se representa simbólicamente mediante las letras del alfabeto.,book4
110,VARIABLE ALEATORIA,Conocida también como variable estocástica o  probabilística.  Es la característica considerada en un experimento aleatorio cuyo valor de ocurrencia sólo puede saberse con exactitud una vez observado.,book4
111,VARIABLE BIDIMENSIONAL, Es aquella que proporciona información sobre dos características de la población.,book4
112,VARIABLE CONTINUA," Es una variable cuantitativa.   Es la característica de la población, cuyos valores están representados mediante el conjunto de los números reales.",book4
113,VARIABLE CUALITATIVA," Es aquella que representa cualidades, atributos o características no numéricas y estas pueden ser nominales y ordinales.  (Ver dato cualitativo).",book4
114,VARIABLE CUANTITATIVA,Es aquella característica de la población o de la muestra que es posible representar numéricamente.   Éstas pueden ser continua y discreta.,book4
115,VARIABLE DISCRETA, Es una variable cuantitativa.,book4
116,VARIABLE NOMINAL,Es una variable cualitativa la cual sólo permite asignar nombres a los datos y no implica ningún orden.  Ej.,book4
117,VARIABLE ORDINAL, Es una variable cualitativa cuyos valores solamente pueden ser ordenados con algún criterio.  ,book4
118,VARIABLE PLURIDIMENSIONAL, Es aquella que proporciona información sobre tres o más características.,book4
119,VARIABLE UNIDIMENSIONAL, Es aquella que proporciona información sobre una sola característica.,book4
120,VARIACIONES IRREGULARES, Conocido como variación de aleatoriedad.,book4
121,VARIANZA," Conocida también como variancia, es una medida de dispersión de la información.",book4
