timestamp,user_id,pregunta,respuesta,modelo,rag,personality
2025-12-12T14:20:53.671194,b040b574,Como detectar anomalias?,"El proceso consiste en: analizar valores extremos, usar IQR o desviaciones estándar y aplicar modelos de detección de outliers.",exacto,FLAN-T5,Con RAG
2025-12-12T14:21:13.850489,b040b574,Que modelos detectan anomalias?,"Consiste en identificar cuándo ocurre un suceso o evento que no es habitual, con el fin de realizar una acción asociada.",exacto,FLAN-T5,Con RAG
2025-12-12T14:21:31.069847,b040b574,Para que sirve un isolation forest?,"Sirve para establecer que un modelo sigue una distribución robusta conjunta de datos, mejorando precisión y reduciendo errores en el tiempo.",exacto,FLAN-T5,Con RAG
2025-12-12T14:22:03.185636,b040b574,Para que sirve un autoencoder?,"Sirve para aprender representaciones comprimidas de los datos y reconstruirlos, útil para reducción de dimensionalidad y detección de anomalías.",exacto,FLAN-T5,Sin RAG
2025-12-12T14:22:38.103336,b040b574,Para que sirve un autoencoder?,"Un autoencoder es una red neuronal utilizada para reducir la dimensión de los datos o para aprender patrones en los datos. Puede ser útil para mejorar la calidad de imágenes, procesar grandes conjuntos de datos o realizar clasificaciones.",exacto,Qwen,sin RAG
2025-12-12T14:23:13.539801,b040b574,Para que sirve un istiolation forest?,"Un Istiolation Forest es una técnica utilizada para analizar y entender patrones en grandes conjuntos de datos. Ayuda a identificar relaciones ocultas entre variables, facilitando la toma de decisiones basadas en datos más precisos.",exacto,Qwen,sin RAG
2025-12-12T14:24:32.604446,b040b574,Para que sirve un istiolation forest?,"Un Istiolation Forest se utiliza principalmente para mejorar la eficiencia energética y reducir el consumo de energía en diferentes sistemas de operación. En los edificios y hogares, pueden ser aplicados para controlar el uso del aire acondicionado o luz, asegurando que solo se consume lo necesario. Además, estos dispositivos son ideales para sistemas de automóvil, donde pueden ayudar en la gestión de combustible, optimizando la conducción. También pueden ser útiles en industrias y empresas para gestionar recursos energéticos más eficientemente. Todo esto contribuye al compromiso ambiental y hacia una vida más sostenible. Es un gran ejemplo de cómo las soluciones tecnológicas pueden beneficiarnos tanto en el día a día como en nuestras luchas por la preservación del medio ambiente.",creativo,Qwen,sin RAG
2025-12-13T09:11:27.440597,f279fea2,Que es ciencia de datos?,"Es una disciplina que utiliza datos, modelos estadísticos y técnicas computacionales para generar conocimiento y apoyar decisiones en distintos contextos.",exacto,FLAN-T5,Con RAG
2025-12-13T09:11:33.891706,f279fea2,Que es ciencia de datos?,"Es el grado de aprendizaje automático que se utiliza para gestionar, gestionar y analizar datos de forma segura.",exacto,FLAN-T5,Sin RAG
2025-12-13T09:11:42.485903,f279fea2,Que es ciencia de datos?,"Es una disciplina que utiliza datos, modelos estadísticos y técnicas computacionales para generar conocimiento y apoyar decisiones en distintos contextos.",exacto,FLAN-T5,Con RAG
2025-12-13T09:19:33.071551,98e302ab,Como encontrar anomalias?,"El proceso consiste en: analizar valores extremos, usar IQR o desviaciones estándar y aplicar modelos de detección de outliers.",exacto,FLAN-T5,Con RAG
2025-12-13T09:27:54.951520,9435933f,Como calcular la media?,"Se puede hacer mediante: obtener la media, calcular las diferencias al cuadrado respecto a ella y promediar los valores resultantes.",exacto,FLAN-T5,Con RAG
2025-12-13T09:28:39.611702,9435933f,Como calcular la media?,"Para calcular la media, sumar todos los números y dividir el resultado entre su cantidad. Es una operación simple que se realiza en matemáticas básicas.",exacto,Qwen,sin RAG
2025-12-13T09:28:49.535542,9435933f,Como calcular la media?,"Se puede hacer mediante: obtener la media, calcular las diferencias al cuadrado respecto a ella y promediar los valores resultantes.",exacto,FLAN-T5,Sin RAG
2025-12-13T11:11:29.939766,54ffc4b9,Que es la ciencia de los datos?,"Es una disciplina que combina estadística, programación y conocimiento del dominio para analizar datos y extraer información útil que apoye la toma de decisiones.",exacto,FLAN-T5,Con RAG
2025-12-13T11:11:37.921507,54ffc4b9,Que es la ciencia de los datos?,"Es la ciencia de que los datos se almacenan, procesan y analizan de manera eficiente para obtener mejores resultados comerciales.",exacto,FLAN-T5,Sin RAG
2025-12-13T11:12:15.130267,54ffc4b9,Que es la ciencia de los datos?,"La ciencia de los datos es el estudio de cómo se procesan, analizan y utilizan grandes cantidades de datos para tomar decisiones informadas.",exacto,Qwen,sin RAG
2025-12-13T13:47:54.445214,c36ece24,Para que sirve una red neuronal convolucional?,Sirve para procesar datos visuales aprendiendo automáticamente representaciones jerárquicas que permiten identificar objetos y estructuras.,exacto,FLAN-T5,Con RAG
2025-12-13T13:48:22.986302,c36ece24,Como limpiar datos?,"Se puede hacer mediante: identificar valores nulos, corregir datos inconsistentes, eliminar duplicados, detectar atípicos y estandarizar formatos.",exacto,FLAN-T5,Con RAG
2025-12-13T13:49:22.860424,c36ece24,Como limpiar datos?,"Limpiar datos implica eliminar o corregir información incorrecta o innecesaria para asegurar la precisión del análisis. Esto puede implicar borrar registros duplicados, corregir errores de formato, reemplazar valores nulos por valores fijos, etc.",exacto,Qwen,sin RAG
2025-12-13T15:49:29.166201,c08c3250,"Que es ciencia de datos?
","Es una disciplina que utiliza datos, modelos estadísticos y técnicas computacionales para generar conocimiento y apoyar decisiones en distintos contextos.",exacto,FLAN-T5,Con RAG
2025-12-13T15:50:05.703549,c08c3250,"Que es ciencia de datos?
",La ciencia de datos es el estudio y manejo de grandes volúmenes de información para tomar decisiones informadas.,exacto,Qwen,sin RAG
2025-12-13T15:51:47.271379,c08c3250,"Que es ciencia de datos?
","La ciencia de datos se refiere a la aplicación del conocimiento estadístico para resolver problemas reales mediante el análisis de grandes cantidades de información. Es una disciplina que combina conceptos matemáticos, estadísticos, lingüísticos, programación y aprendizaje automático. En resumen, es como utilizar los datos para entender, predecir y mejorar nuestras decisiones. Estudiar la ciencia de datos te prepara para explorar e interpretar grandes volúmenes de datos en distintos campos, como marketing, finanzas, salud y muchas más.",creativo,Qwen,sin RAG
2025-12-13T15:51:57.715683,c08c3250,"Que es ciencia de datos?
","Es la ciencia de recopilar, procesar y analizar grandes cantidades de datos para generar información útil para las empresas.",creativo,FLAN-T5,Sin RAG
2025-12-13T15:52:00.584422,c08c3250,"Que es ciencia de datos?
","Es una disciplina que utiliza datos, modelos estadísticos y técnicas computacionales para generar conocimiento y apoyar decisiones en distintos contextos.",creativo,FLAN-T5,Con RAG
